Checklist Assessment Risiko ,Unnamed: 1,Unnamed: 2,Unnamed: 3,Unnamed: 4,Unnamed: 5
No,Deskripsi,:,Keterangan,Keterangan tambahan,
I,Informasi Umum,,,,
1,Nama perusahaan ,:,,,
2,a. Website perusahaan,:,,,
,b. Website/ layanan yang digunakan terkait kerjasama dengan BNI,,,,
3,Tanggal berdiri perusahaan ,:,,,
4,Jenis Bisnis (Pilih salah satu),:,a. P2P Lending,,
,,,"b. Fintech (Payment, Investment, dsb)",,
,,,c. Aggregator,,
,,,d. Switching Services,,
,,,e. e-Commerce,,
,,,f. Lainnya (Sebutkan…………...),,
5,Struktur organisasi perusahaan ,:,,,*Mohon untuk melampirkan struktur organisasi perusahaan
6,Penanggung jawab perusahaan (CEO),:,,,
7,Jumlah karyawan IT,:,,,
a,Pegawai Tetap,:,,,
b,Outsourcing,:,,,
8,"Apakah perusahaan telah terdaftar di OJK / BI (Apabila tidak terdaftar pada regulasi, mohon memberikan keterangan tambahan atas informasi tersebut.)",:,a. Ya,,
,,,b. Tidak,,
9,Apakah perusahaan memiliki sertifikasi terkait IT (Dapat memilih lebih dari satu),:,a. PCI DSS,,*Mohon untuk melampirkan copy sertifikasi
,,,b. ISO 27001,,
,,,c. PA DSS,,
,,,d. Lainnya (Sebutkan),,
10,Lokasi server dan/atau data (Pilih salah satu),:,a. Server dan/atau data credential sepenuhnya ada di on premise BNI,,
,,,"b. Sebagian server/data credential ada di BNI, sebagian lainnya dikelola oleh Perusahaan",,
,,,c. Server dan/atau data credential sepenuhnya ada di perusahaan.,,
,,,"d.	Server dan/atau data credential sepenuhnya ada di perusahaan, dengan penyimpanan pada cloud.",,
II,Pengamanan Data,,,,
,"Data credential merupakan data yang penting dan harus dijaga kerahasiaannya. (Contoh, Data pribadi nasabah seperti ""Nama, No HP, email, dsb"", Data Bank seperti ""No Rekening, password (Harus di enkripsi), dsb"" dan data penting lainnya. Data Kebocoran data credetial dapat menyebabkan terjadinya fraud dan exposure risiko reputasi, risiko operasional dan kerugian finansial",,,,
1,Apakah terdapat credential data pada perusahaan ,:,a. Ya,,
,,,b. Tidak,,
2,Siapa penanggung jawab keamanan data (level CISO),:,,,
3,Sebutkan jenis data credential yang ada pada perusahaan(Jika No 1 memilih a. Ya),:,,,
4,	Sebutkan data BNI yang berada pada perusahaan,:,,,
,"Salah satu langkah pengamanan data adalah dengan melakukan klasifikasi pada data tersebut. Contoh klasifikasi data adalah : Rahasia, Public, Internal Use, dan sebagainya.",,,,
5,Apakah terdapat klasifikasi data ,:,a. Ya,,*Mohon menyampaikan eviden  perihal penerapan klasifikasi data
,,,b. Tidak,,
,"Kerahasiaan data credential merupakan hal harus dilakukan untuk mencegah terjadinya fraud dan exposure berbagai macam risiko. Kerahasiaan data dapat dilakukan dengan enkripsi data dengan menggunakan kriptografi dengan key/kunci yang kuat, masking data, dan tokenisasi",,,,
6,Bagaimana cara untuk menjaga kerahasiaan data credential ,:,"a. Enkripsi data at rest (Data yang disimpan dalam database, harddisk, dsb) - umumnya menggunakan metode AES 256, dsb",,
,,,"a. Enkripsi data at motion (Data yang disimpan dalam database, harddisk, dsb) - umumnya menggunakan metode AES 256, dsb",,*Mohon melampirkan mekanisme/flow terkait metode penjagaan kerahasiaan data credential yang dipilih
,,,"c. Masking data (Sebuah proses untuk mengaburkan sebagian nilai dari data, misal data kartu menjadi KDD1 3JK2 43JK 8721, kata yang di bold merupakan data yang dimasking)",,
,,,"d. Tokenisasi (proses untuk membagi teks yang dapat berupa kalimat, paragraf atau dokumen, menjadi token - token / bagian - bagian tertentu)",,
,,,e. Implementasi tools pengamanan data seperti data leakage prevention (DLP),,
,,,f. Terbatas hanya prosedural (Hanya terbatas pada himbauan / SOP / NDA yang dibuat agar karyawan tidak membocorkan data credential),,
,,,g. Belum memiliki,,
,,,h. Lainnya (Sebutkan),,
7,Apakah terdapat disposal data bank yang ada di perusahaan secara reguler?,,a. Ya,,*Mohon melampirkan mekanisme disposal data jika menjawab Ya
,,,b. Tidak,,
8,Bagaimana pengamanan data perusahaan anda dengan vendor 3rd party (Dapat memilih lebih dari satu),:,a. NDA,,*Mohon melampirkan eviden atas pilihan yang dipilih
,,,b. Enkripsi data,,
,,,c. Lainnya (Sebutkan),,
III,Data Center\Penempatan Server,,,,
1,Dimana lokasi data center/ server aplikasi,:,,,
2,Bagaimana Pengelolaan data center perusahaan\server aplikasi (pilih salah satu),:,a. Dikelola sendiri (24 X 7),,
,,,"b. Vendor jasa pengelolaan data center 
(24 X 7)",,
,,,c. Dikelola sendiri (Tidak 24 X 7),,
,,,d. Vendor jasa pengelolaan data center (Tidak 24 X 7),,
,,,e. Cloud,,
3,"Apabila menggunakan vendor jasa pengelolaan data center / Public Cloud, maka sebutkan nama vendornya",:,,,
4,"Apabila data center dikelola sendiri, berapa jumlah karyawan operasional data center",:,,,
a,Pegawai Tetap,:,,,
b,Outsourced,:,,,
5,Apakah perusahaan memiliki DRC (Data Recovery Center) / mekanisme backup data,:,a. Memiliki DRC (termasuk Backup data),,
,,,b. Hanya menggunakan mekanisme backup data (Otomatis / real time),,
,,,c. Hanya menggunakan mekanisme backup data (manual),,
,,,d. Tidak memiliki,,
6,Apakah perusahaan pernah melakukan pengujian DRC?,,a. Ya,,*Mohon melampirkan executive summary atas hasil pengujian DRC
,,,b. Tidak,,
7,"Jika No. 5 Dijawab c. Hanya menggunakan mekanisme backup data (manual), maka berapa frekuensi backup data (Pilih salah satu)",:,a. 1 kali setahun,,
,,,b. 3 bulanan,,
,,,c. Bulanan,,
,,,d. Mingguan,,
,,,e. Harian,,
,,,f. Lainnya (Sebutkan),,
8,Apakah memiliki Security Operation Center (SOC)atau tim respon insiden yang bertugas dalam pemantauan cyber threat,:,a. Dikelola sendiri (24 X 7),,
,,,"b. Vendor jasa pengelolaan SOC 
(24 X 7)",,
,,,c. Dikelola sendiri (Tidak 24 X 7),,
,,,d. Vendor jasa pengelolaan SOC (Tidak 24 X 7),,
9,"Apabila menggunakan vendor Security Operation Center (SOC), maka sebutkan nama vendornya",:,,,
10,"Apabila Security Operation Center (SOC), dikelola sendiri, berapa jumlah karyawan operasional data center",:,,,
a,Pegawai Tetap,:,,,
b,Outsourced,:,,,
IV,Proses Pengembangan IT,,,,
1,Berapa jumlah karyawan development dan testing,:,,,
a,Pegawai Tetap,:,,,
b,Outsourced,:,,,
2,Bagaimana mekanisme pengembangan aplikasi (Mohon dijelaskan prosesnya dari development hingga production) (Pilih salah satu),:,a. Scrum,,
,,,b. Waterfall,,
,,,c. Prototype,,*Mohon untuk melampirkan evidence terkait mekanisme pengembangan aplikasi yang dipilih
,,,d. Lainnya (Agile),,
,Secure coding adalah salah satu proses penerapan keamanan aplikasi pada proses development untuk meminimalisir bugs / celah yang dapat digunakan oleh fraudster untuk menyerang sistem aplikasi,,,,
3,Apakah perusahaan telah menerapkan secure coding dalam proses pengembangan.,:,a. Ya,,*Mohon untuk melampirkan evidence terkait secure coding yang dilakukan
,,,b. Tidak,,
4,Apakah perusahaan melakukan penetration testing (pentest) oleh pihak eksternal pada aplikasi yang digunakan terkait kerjasama dengan BNI,:,a. Ya,,
,,,b. Tidak,,
5,Kapan pentest terakhir dilakukan oleh perusahaan (DD/MM/YYYY),:,,,
6,Jelaskan hasil pentest yang telah dilakukan (Pilih salah satu),:,a. Cukup aman / tidak ada temuan,,*Mohon untuk melampirkan evidence terkait pentest
,,,b. Ada temuan dan sedang dalam proses tindak lanjut,,
,,,c. Ada temuan dan belum dilakukan tindak lanjut terhadap temuan,,
7,Apakah perusahaan melakukan vulnerability assessment / assessment internal  pada aplikasi yang digunakan dalam kerjasama dengan BNI,,a. Ya,,
,,,b. Tidak,,
8,Kapan vulnerability assessment / assessment internal  terakhir dilakukan oleh perusahaan (DD/MM/YYYY),:,,,
9,Jelaskan hasil vulnerability assessment / assessment internal  yang telah dilakukan (Pilih salah satu),:,a. Cukup aman / tidak ada temuan,,*Mohon untuk melampirkan evidence terkait vulnerbility assessment / assessment internal
,,,b. Ada temuan dan sedang dalam proses tindak lanjut,,
,,,c. Ada temuan dan belum dilakukan tindak lanjut terhadap temuan,,
,"Arsitektur aplikasi menjadi suatu desain aplikasi yang terdiri dari komponen-komponen yang saling berinteraksi antar satu dengan yang lain. Arsitektur aplikasi disebut juga dengan infrastuktur aplikasi. Selain itu, arsitektur aplikasi juga merupakan cara komunikasi komponen-komponen melalui network atau jaringan yang saling terhubung.",,,,
10,Jelaskan platform aplikasi yang digunakan (Dapat memilih lebih dari satu),:,a. Java,,
,,,b. .Net,,
,,,"c. Android (Java, Kotlin)",,
,,,"d. IOS (Swift, Objective-C)",,
,,,"e. Cross platform (Java script, TypeScript, C++, C#, Phyton)",,
,,,f. Lainnya (PHP),,
11,Jelaskan arsitektur aplikasi yang digunakan,:,,,*Mohon untuk melampirkan arsitektur aplikasi
,Rekonsiliasi adalah proses penyesuaian informasi catatan keuangan / transaksi menurut sebuah perusahaan dan juga menurut yang terkait.,,,,
12,Gambarkan dan Jelaskan proses rekonsiliasi yang digunakan,:,,,*Mohon untuk melampirkan flow proses rekonsiliasi
13,Gambarkan dan Jelaskan topologi jaringan yang digunakan terkait dengan kerjasama dengan BNI?,:,,,*Mohon untuk melampirkan topologi jaringan
14,Apakah perusahaan memiliki mekanisme fraud detection system?,:,a. Ya,,"*Jika iya, mohon melampirkan eviden  fraud detection system yang diterapkan"
,,,b. Tidak,,
15,Apakah perusahaan memiliki manajemen risiko?,,a. Ya,,"*Jika iya, mohon melampirkan eviden manajemen risiko yang diterapkan"
,,,B. Tidak,,
15,Jelaskan flow proses bisnis yang dilakukan oleh perusahaan dengan BNI?,:,,,*Mohon untuk melampirkan flow proses bisnis
16,Jelaskan mekanisme fraud detection system pada perusahaan,:,,,*Mohon untuk melampirkan flow fraud decetion system
V,Endpoint Security ,,,,
1,"Jumlah endpoint yang digunakan dengan scope kerjasama dengan BNI, dengan detil sebagai berikut:",,,,
,a.    PC/ Laptop,,,,
,b.    Server,,,,
,c.     Lainnya (Sebutkan),,,,
2,"PC ditempatkan di lingkungan yang aman, terkunci ",:,a. Ya,,
,,,b. Tidak,,
3,"Setiap pengguna end point berupa PC, laptop, server, login ke operating system menggunakan non-privileged user (non administrator/non super user).",:,a. Ya,,*mohon untuk melampirkan eviden/ capture aplikasi2 yang digunakan di endpoint (dapat menggunakan capture control panel)
,,,b. Tidak,,
4,Aplikasi yang di install di end point merupakan aplikasi yang legal dan terpercaya,:,a. Ya,,
,,,b. Tidak,,
5,Tersedia antivirus dan active scanning ,:,a. Ya,,*mohon untuk melampirkan eviden/ capture antivirus
,,,b. Tidak,,
6,"Terkoneksi pada authentication, authorization, and accounting system yang terpusat",:,a. Ya,,*mohon untuk melampirkan eviden/ capture akses by domain
,,,b. Tidak,,
7,Penutupan port USB atau removable media lainnya,:,a. Ya,,*mohon untuk melampirkan eviden/ capture bahwa USB telah diblocking aksesnya 
,,,b. Tidak,,
8,Pembatasan akses internet,:,a. Ya,,*mohon untuk melampirkan eviden/ capture penutupan akses internet
,,,b. Tidak,,
VI,Insiden Response ,,,,
1,Apakah terdapat prosedur insiden response yang tertulis?,:,a. Ya,,"*Jika iya, mohon untuk melampirkan eviden prosedur insiden response yang tertulis"
,,,b. Tidak,,
2,Jelaskan proses mekanisme insiden response ,:,,,
VII,Helpdesk dan Support,,,,
1,Hotline helpdesk ,:,,,
2,Lokasi helpdesk ,:,,,
3,Bagaimana layanan heldpesk perusahaan,:,a. Realtime (24 / 7 ),,
,,,b. Office hours (8 / 5),,
,,,c. Lainnya (………….……),,
,,,d. Tidak memiliki layanan helpdesk,,
VIII,Pengalaman,,,,
1,Apakah memiliki pengalaman kerja sama dengan bank atau lembaga keuangan,:,a. Ya,,
,,,b. Tidak,,
2,Sebutkan bank / lembaga keuangan apa yang telah melakukan bekerja sama dengan perusahaan.,:,,,*mohon melampirkan terkait eviden atas kerjasama yang pernah dilakukan
3,Jelaskan pengalaman perusahaan dalam kerjasama dengan bank / lembaga keuangan,:,,,
IX,Security Awareness,,,,
,"Security Awareness merupakan himbauan dan informasi kepada nasabah terkait cybersecurity untuk meningkatkan kewaspadaan nasabah terkait kejahatan siber. Security awareness dapat dilakukan dengan cara training, Social media, Email atau media lainnya",,,,
1,Apakah melakukan security awareness kepada pegawai dan nasabahnya?,:,a. Ya,,* Mohon lampirkan eviden terkait security awareness
,,,b. Tidak,,
2,"Jika Ya, berapa frekuensi security awareness yang dilakukan dalam 1 (Satu) Tahun",:,a. 1x,,
,,,b. 3x,,
,,,c. 6x,,
,,,d. 12x,,
,,,e. Lainnya (…………..),,
3,Kapan terakhir melakukan security awareness kepada nasabah dan pegawai,:,,,
,,,,,
,,,pilih salah satu,,
,,,,,
,Pernyataan:,,,Persetujuan,
,"Atas website/ layanan perusahaan, kami bersedia dilakukan audit, visit observasi ataupun scanning oleh Tim BNI saat dibutuhkan",,,,
,"Saya yang bertanda-tangan di bawah ini menyatakan bahwa data yang saya isi pada formulir ini adalah benar, dan Apabila di kemudian hari ditemukan kecurangan/pemalsuan/penipuan pada data, dokumen atau informasi tersebut, maka saya bersedia diberikan sanksi sesuai dengan perundangan/peraturan yang berlaku.",,,,
,,,,,
,"<Lokasi, Tanggal>",,,,
,,,,,
,,,,,
,"TTD, materai dan CAP perusahaan",,,,
,,,,,
,(…………………………………….),,,,
,<Nama Perusahaan>,,,,
